{"learningRate":0.1,"numIterations":1000,"weights":[-111.81912531171375,-0.9793243367034526,-0.5167902679835649,-0.03725241875130994,0.03516108743523816,-0.12653841755920037,0.09227059948749704,-0.06427677536401152,-0.019410458619182395,-0.022955991201432685,-0.04591198240286537,0.25695470516154906,-0.0015303994134288456,-0.2341511102546136,-1.919588607525126,-19.245266718680057,-1.474204279143656,1.2122483753497837,-1.8141053452194307,3.184368839327849,-1.645238576913215,-1.661695138148921,-1.6482993757400728,35.04493123955479,0,0,-1.626302297847592],"bias":-2.1217156273186553}